Name,Time,Date



20BQ1A4910,14:53:06,17/10/2023
20BQ1A4910,21:07:29,17/10/2023
20BQ1A4910,21:22:50,17/10/2023
20BQ1A4910,21:23:10,17/10/2023
20BQ1A4910,22:M:S,17/10/2023
20BQ1A4910,22:M:S,17/10/2023
20BQ1A4910,22:M:S,17/10/2023
20BQ1A4910,22:M:S,17/10/2023
20BQ1A4910,22:M:S,17/10/2023
20BQ1A4910,22:M:S,17/10/2023
20BQ1A4910,22:M:S,17/10/2023
20BQ1A4910,22:M:S,17/10/2023
20BQ1A4910,22:M:S,17/10/2023
20BQ1A4910,22:M:S,17/10/2023
20BQ1A4910,22:M:S,17/10/2023
20BQ1A4910,22:13:18,17/10/2023
20BQ1A4910,22:13:48,17/10/2023
20BQ1A4910,22:14:18,17/10/2023
20BQ1A4910,22:14:48,17/10/2023
20BQ1A4910,22:15:18,17/10/2023
20BQ1A4910,22:15:48,17/10/2023
20BQ1A4910,22:16:18,17/10/2023
20BQ1A4910,22:16:48,17/10/2023
20BQ1A4910,22:17:18,17/10/2023
20BQ1A4910,22:18:54,17/10/2023
20BQ1A4910,22:19:24,17/10/2023
20BQ1A4910,22:20:49,17/10/2023
20BQ1A4910,22:21:19,17/10/2023
20BQ1A4910,22:M:S,17/10/2023
20BQ1A4910,22:M:S,17/10/2023
20BQ1A4910,22:M:S,17/10/2023
20BQ1A4910,22:27:49,17/10/2023
20BQ1A4910,22:28:19,17/10/2023
20BQ1A4910,22:29:25,17/10/2023
20BQ1A4910,22:29:57,17/10/2023


20BQ1A4910,22:42:57,17/10/2023
20BQ1A4910,22:43:27,17/10/2023

20BQ1A4944,14:11:11,18/10/2023
20BQ1A4931,14:11:12,18/10/2023
20BQ1A4918,14:11:15,18/10/2023